Date,Name,Year,Letterboxd URI,Rating,Rewatch,Tags,Watched Date
26/01/2023,The Menu,2022,https://boxd.it/3LfVap,4,,,25/01/2023
28/01/2023,Barbarian,2022,https://boxd.it/3LZB15,3.5,,,27/01/2023
05/02/2023,X,2022,https://boxd.it/3OwAIV,4,,,05/02/2023
09/02/2023,West Side Story,2021,https://boxd.it/3PCLHl,3.5,,,08/02/2023
13/02/2023,WALL·E,2008,https://boxd.it/3QAQiP,5,Yes,,12/02/2023
18/02/2023,Fantastic Mr. Fox,2009,https://boxd.it/3S7Ck3,4,,,18/02/2023
19/02/2023,Paddington,2014,https://boxd.it/3ScEff,4,,,18/02/2023
20/02/2023,Pearl,2022,https://boxd.it/3SNojp,4,,,20/02/2023
21/02/2023,Run,2020,https://boxd.it/3T4MfF,3,,,21/02/2023
23/02/2023,Everything Everywhere All at Once,2022,https://boxd.it/3Tqzp7,3,,,22/02/2023
24/02/2023,Babylon,2022,https://boxd.it/3TPq8r,4.5,,,23/02/2023
25/02/2023,Paddington 2,2017,https://boxd.it/3UbpQL,5,,,25/02/2023
26/02/2023,Blended,2014,https://boxd.it/3UnOmF,2,Yes,,25/02/2023
26/02/2023,Mulholland Drive,2001,https://boxd.it/3UwwiX,,,,26/02/2023
28/02/2023,The Farewell,2019,https://boxd.it/3V7MwP,3,,,28/02/2023
01/03/2023,Almost Famous,2000,https://boxd.it/3VnW7H,5,,,01/03/2023
02/03/2023,Coherence,2013,https://boxd.it/3VAMGt,4,,,02/03/2023
03/03/2023,Rushmore,1998,https://boxd.it/3VPTwF,4,,,03/03/2023
04/03/2023,Black Swan,2010,https://boxd.it/3W59ex,4.5,,,04/03/2023
04/03/2023,Lady Bird,2017,https://boxd.it/3W6LGV,4.5,,,04/03/2023
05/03/2023,The Shape of Water,2017,https://boxd.it/3Wlh27,3.5,,,04/03/2023
05/03/2023,Hustle,2022,https://boxd.it/3Wp9Yl,3,,,05/03/2023
06/03/2023,The Grand Budapest Hotel,2014,https://boxd.it/3WvDRL,4,,,05/03/2023
07/03/2023,Vivarium,2019,https://boxd.it/3WYHIr,0.5,,,07/03/2023
08/03/2023,Avatar,2009,https://boxd.it/3XgbE9,3.5,,,08/03/2023
10/10/2024,Rogue One: A Star Wars Story,2016,https://boxd.it/7vUS4X,4,,,09/03/2023
10/03/2023,Midsommar,2019,https://boxd.it/3XKIQn,4,,,10/03/2023
11/03/2023,Top Gun: Maverick,2022,https://boxd.it/3Y03ih,4.5,,,11/03/2023
11/03/2023,Birdman or (The Unexpected Virtue of Ignorance),2014,https://boxd.it/3Y20j1,2.5,,,11/03/2023
12/03/2023,The Intruder,2020,https://boxd.it/3Yddgh,,,,11/03/2023
12/03/2023,"Three Billboards Outside Ebbing, Missouri",2017,https://boxd.it/3YnTi5,4,,,12/03/2023
13/03/2023,Ace Ventura: Pet Detective,1994,https://boxd.it/3YpwiZ,2,,,12/03/2023
13/03/2023,21,2008,https://boxd.it/3YIqU7,3,,,13/03/2023
14/03/2023,"The French Dispatch of the Liberty, Kansas Evening Sun",2021,https://boxd.it/3YXO5d,2,,,14/03/2023
15/03/2023,Sky High,2005,https://boxd.it/3Zc7PH,,Yes,,15/03/2023
15/03/2023,Argentina 1985,2022,https://boxd.it/3Ze2T9,5,,,15/03/2023
16/03/2023,Whiplash,2014,https://boxd.it/3ZtuyX,4.5,,,16/03/2023
18/03/2023,The Last Duel,2021,https://boxd.it/3ZXs6x,2,,,18/03/2023
19/03/2023,The Full Monty,1997,https://boxd.it/40bIm5,0.5,,,18/03/2023
21/03/2023,Frozen II,2019,https://boxd.it/40QlDp,3,,,21/03/2023
23/03/2023,The Martian,2015,https://boxd.it/41l4OH,,,,23/03/2023
24/03/2023,Chip 'n Dale: Rescue Rangers,2022,https://boxd.it/41yTcZ,2.5,,,24/03/2023
26/03/2023,Fresh,2022,https://boxd.it/428UI5,3,,,26/03/2023
27/03/2023,Fall,2022,https://boxd.it/42p2Fl,2,,,27/03/2023
30/03/2023,Cléo from 5 to 7,1962,https://boxd.it/42YTG7,4.5,,,29/03/2023
30/03/2023,Luca,2021,https://boxd.it/439b2p,4,,,30/03/2023
30/03/2023,Fractured,2019,https://boxd.it/43b2z9,2,,,30/03/2023
01/04/2023,The Platform,2019,https://boxd.it/43E1Lr,1.5,,,01/04/2023
04/04/2023,Rye Lane,2023,https://boxd.it/44zFyr,3,,,04/04/2023
09/04/2023,I Love My Dad,2022,https://boxd.it/461v0f,2,,,09/04/2023
12/04/2023,Friends with Benefits,2011,https://boxd.it/46KxQn,,Yes,,11/04/2023
13/04/2023,La La Land,2016,https://boxd.it/47aQir,4.5,,,13/04/2023
16/04/2023,Almost Famous,2000,https://boxd.it/47YHRH,5,Yes,,16/04/2023
17/04/2023,Palm Springs,2020,https://boxd.it/48i70R,4,,,17/04/2023
19/04/2023,Shrek 2,2004,https://boxd.it/48J7A5,3,Yes,doblada,19/04/2023
22/04/2023,Get Out,2017,https://boxd.it/49tZ6F,4,,,22/04/2023
23/04/2023,Gone Girl,2014,https://boxd.it/49ME2v,4.5,,,23/04/2023
24/04/2023,13 Going on 30,2004,https://boxd.it/4a78cZ,3,,,24/04/2023
25/04/2023,Inside Out,2015,https://boxd.it/4an3Lx,3,,,25/04/2023
26/04/2023,The Iron Giant,1999,https://boxd.it/4aBHvH,3.5,,,26/04/2023
28/04/2023,WALL·E,2008,https://boxd.it/4b3u1b,5,Yes,,28/04/2023
01/05/2023,Watcher,2022,https://boxd.it/4bQBJR,4,,,30/04/2023
02/05/2023,CODA,2021,https://boxd.it/4cclXn,4,,,02/05/2023
03/05/2023,Short Term 12,2013,https://boxd.it/4csnA3,2.5,,,03/05/2023
04/05/2023,Uncut Gems,2019,https://boxd.it/4cJixx,,,,04/05/2023
06/05/2023,The Muppets,2011,https://boxd.it/4dgXfP,,Yes,,06/05/2023
09/05/2023,Onward,2020,https://boxd.it/4e019L,2,,,08/05/2023
11/05/2023,How the Grinch Stole Christmas,2000,https://boxd.it/4eq4iN,3,,,10/05/2023
11/05/2023,Mamma Mia!,2008,https://boxd.it/4ezCGn,,,,11/05/2023
12/05/2023,Little Miss Sunshine,2006,https://boxd.it/4eOFJJ,3,,,12/05/2023
14/05/2023,Nomadland,2020,https://boxd.it/4fhXGr,1.5,,,14/05/2023
15/05/2023,The Princess Diaries,2001,https://boxd.it/4fxZ3N,4,Yes,,15/05/2023
16/05/2023,Mulan,1998,https://boxd.it/4fMtdr,5,,,16/05/2023
16/05/2023,The Help,2011,https://boxd.it/4fNKpr,4,,,16/05/2023
20/05/2023,Aftersun,2022,https://boxd.it/4gHwBb,,,,20/05/2023
22/05/2023,Isle of Dogs,2018,https://boxd.it/4h1g0X,3,,,21/05/2023
07/06/2023,Happy Death Day,2017,https://boxd.it/4lc1Nt,2.5,,,06/06/2023
10/06/2023,Signs,2002,https://boxd.it/4m6ZFV,3,,,09/06/2023
11/06/2023,Cars,2006,https://boxd.it/4mo7xJ,4.5,Yes,doblada,10/06/2023
17/06/2023,Winnie the Pooh,2011,https://boxd.it/4o2pKZ,,,,17/06/2023
21/06/2023,The Birdcage,1996,https://boxd.it/4phPkx,,,,21/06/2023
07/07/2023,Kindergarten Cop,1990,https://boxd.it/4tR6Rp,2,,,06/07/2023
17/07/2023,The Intern,2015,https://boxd.it/4wXvmZ,3,Yes,,17/07/2023
19/07/2023,Raiders of the Lost Ark,1981,https://boxd.it/4xBXbb,4,,,19/07/2023
21/07/2023,The Devil Wears Prada,2006,https://boxd.it/4yhN49,4.5,,,21/07/2023
22/07/2023,Air,2023,https://boxd.it/4yKIEp,3.5,,,22/07/2023
24/07/2023,Catch Me If You Can,2002,https://boxd.it/4zy1lp,4,,,23/07/2023
25/07/2023,Mission: Impossible III,2006,https://boxd.it/4A5cBp,4,,,24/07/2023
27/07/2023,Mission: Impossible – Fallout,2018,https://boxd.it/4AU929,5,,,27/07/2023
29/07/2023,Barbie,2023,https://boxd.it/4BA2R9,4.5,,cine,29/07/2023
01/08/2023,Mission: Impossible – Fallout,2018,https://boxd.it/4CNSu7,5,Yes,,01/08/2023
04/08/2023,Requiem for a Dream,2000,https://boxd.it/4DPMFr,3,,,04/08/2023
06/08/2023,Interstellar,2014,https://boxd.it/4ExgDV,3,,,06/08/2023
07/08/2023,Luca,2021,https://boxd.it/4ESrK1,3.5,Yes,,07/08/2023
11/08/2023,The Worst Person in the World,2021,https://boxd.it/4G5H3d,3.5,,,11/08/2023
12/08/2023,Minari,2020,https://boxd.it/4GrErF,3.5,,,12/08/2023
13/08/2023,Mission: Impossible – Dead Reckoning,2023,https://boxd.it/4GMcsR,4.5,,cine,13/08/2023
14/08/2023,Oppenheimer,2023,https://boxd.it/4HarpL,3.5,,cine,14/08/2023
15/08/2023,Passengers,2016,https://boxd.it/4Hw9c9,3,,,15/08/2023
16/08/2023,Superbad,2007,https://boxd.it/4HNUb7,3,,,16/08/2023
17/08/2023,Guardians of the Galaxy,2014,https://boxd.it/4I6TaP,2.5,,,17/08/2023
18/08/2023,The Meg,2018,https://boxd.it/4IqlIj,2,,,18/08/2023
22/08/2023,Nine Queens,2000,https://boxd.it/4JHqff,4,,,21/08/2023
26/08/2023,Criminal,2004,https://boxd.it/4KOb0n,1.5,,,25/08/2023
27/08/2023,Gran Turismo,2023,https://boxd.it/4Lcged,4,,cine,27/08/2023
02/09/2023,No Hard Feelings,2023,https://boxd.it/4MZ6eJ,2,,,02/09/2023
05/09/2023,Argentina 1985,2022,https://boxd.it/4NVAXF,5,Yes,,04/09/2023
08/09/2023,The Pianist,2002,https://boxd.it/4OJYHV,1.5,,,08/09/2023
09/09/2023,Sing,2016,https://boxd.it/4OTk3r,3,,,08/09/2023
09/09/2023,Air Bud,1997,https://boxd.it/4P0eod,1,,,08/09/2023
21/09/2023,Scott Pilgrim vs. the World,2010,https://boxd.it/4Ss3xh,5,,,21/09/2023
27/09/2023,Moonfall,2022,https://boxd.it/4TVTNj,1,,,26/09/2023
29/09/2023,Bottoms,2023,https://boxd.it/4UHN23,4.5,,,29/09/2023
01/10/2023,The Fly,1986,https://boxd.it/4Vf02B,4,,,30/09/2023
14/10/2023,Mission: Impossible – Dead Reckoning,2023,https://boxd.it/4ZFEe1,4,Yes,,13/10/2023
19/10/2023,The Banshees of Inisherin,2022,https://boxd.it/51jwIV,4.5,,,19/10/2023
20/10/2023,The Girl from Uruguay,2022,https://boxd.it/51zw8P,2,,,20/10/2023
27/10/2023,Oliva,2023,https://boxd.it/53QTD9,1,,,27/10/2023
19/11/2023,Arrival,2016,https://boxd.it/5bx2xh,5,,,19/11/2023
25/11/2023,Leo,2023,https://boxd.it/5dvtdH,2,,,25/11/2023
09/12/2023,Austin Powers: International Man of Mystery,1997,https://boxd.it/5ieu35,1,,,08/12/2023
10/12/2023,Deadstream,2022,https://boxd.it/5iDu6D,1.5,,,10/12/2023
16/12/2023,Haunt,2019,https://boxd.it/5kH4Dn,2,,,16/12/2023
19/12/2023,Past Lives,2023,https://boxd.it/5lORAv,5,,,18/12/2023
23/12/2023,Lost in Translation,2003,https://boxd.it/5nxcqt,2.5,,,23/12/2023
21/01/2024,Ocean's Eleven,2001,https://boxd.it/5EgP5N,4.5,,,21/01/2024
25/01/2024,Flamin' Hot,2023,https://boxd.it/5GcyiP,2,,,25/01/2024
29/01/2024,The Creator,2023,https://boxd.it/5I6NTd,2,,,28/01/2024
30/01/2024,Elemental,2023,https://boxd.it/5IGkaZ,3,,,29/01/2024
04/02/2024,Hannibal,2001,https://boxd.it/5L1jnt,3.5,,,04/02/2024
07/02/2024,Spider-Man: Into the Spider-Verse,2018,https://boxd.it/5MlYl3,4,,,06/02/2024
08/02/2024,Nimona,2023,https://boxd.it/5MO0eT,2.5,,,08/02/2024
09/02/2024,Talk to Me,2022,https://boxd.it/5N75MJ,3.5,,,08/02/2024
10/02/2024,El Conde,2023,https://boxd.it/5NxgDF,2,,,09/02/2024
11/02/2024,Alone,2020,https://boxd.it/5O7RS5,3,,,11/02/2024
17/02/2024,The Cabin in the Woods,2011,https://boxd.it/5QDwpX,4,,,16/02/2024
18/02/2024,Coraline,2009,https://boxd.it/5RiIMB,3,,,18/02/2024
21/02/2024,Surf's Up,2007,https://boxd.it/5SRLfz,4,,,21/02/2024
25/02/2024,The House,2022,https://boxd.it/5UzuzJ,3.5,,,25/02/2024
25/02/2024,Monster House,2006,https://boxd.it/5UBzdd,3,Yes,,25/02/2024
29/02/2024,Dune,2021,https://boxd.it/5WqPmL,4.5,,,29/02/2024
02/03/2024,Freaky Friday,2003,https://boxd.it/5Xe3ER,5,Yes,,01/03/2024
06/03/2024,American Fiction,2023,https://boxd.it/5ZfxDz,4,,,05/03/2024
07/03/2024,Dune: Part Two,2024,https://boxd.it/5ZyuLN,5,,cine,06/03/2024
09/03/2024,Eileen,2023,https://boxd.it/60EfZB,2.5,,,09/03/2024
13/03/2024,The Land Before Time,1988,https://boxd.it/62F4mN,3,,,13/03/2024
16/03/2024,Old Dogs,2009,https://boxd.it/63WMvR,4,Yes,,16/03/2024
17/03/2024,Dune: Part Two,2024,https://boxd.it/646mC3,5,Yes,imax,16/03/2024
18/03/2024,Barbie,2023,https://boxd.it/6521dR,4,Yes,,18/03/2024
23/03/2024,Poor Things,2023,https://boxd.it/66XBgb,4,,,22/03/2024
24/03/2024,One Day,2011,https://boxd.it/67Fjlb,,,,24/03/2024
28/03/2024,Soul,2020,https://boxd.it/69oZP7,4,,,27/03/2024
29/03/2024,Rise of the Planet of the Apes,2011,https://boxd.it/69Xgcz,3,,,29/03/2024
30/03/2024,Anatomy of a Fall,2023,https://boxd.it/6av16f,4.5,,,30/03/2024
01/04/2024,The Zone of Interest,2023,https://boxd.it/6b8QfP,1.5,,,31/03/2024
03/04/2024,Downsizing,2017,https://boxd.it/6c97BH,1,,,02/04/2024
05/04/2024,Wish,2023,https://boxd.it/6ddEcR,2,,,04/04/2024
07/04/2024,[REC],2007,https://boxd.it/6eb4Wz,2.5,,,07/04/2024
07/04/2024,Strange World,2022,https://boxd.it/6ehbwZ,2.5,,,07/04/2024
08/04/2024,Star Wars: Episode I – The Phantom Menace,1999,https://boxd.it/6eNpYd,2,Yes,,08/04/2024
11/04/2024,Blue Jasmine,2013,https://boxd.it/6fMXjP,3.5,,,10/04/2024
11/04/2024,Ricky Stanicky,2024,https://boxd.it/6fUt9r,2.5,,,11/04/2024
13/04/2024,Road House,2024,https://boxd.it/6gBNCp,1.5,,,12/04/2024
14/04/2024,The Visit,2015,https://boxd.it/6h4gh7,3,,,13/04/2024
14/04/2024,Halloween,1978,https://boxd.it/6h4gw7,4,,,14/04/2024
17/04/2024,The Greatest Hits,2024,https://boxd.it/6iaxaD,4,,,16/04/2024
21/04/2024,Barbarian,2022,https://boxd.it/6jIt3l,3.5,Yes,,21/04/2024
23/04/2024,Before Sunrise,1995,https://boxd.it/6kANxN,3.5,,,22/04/2024
24/04/2024,Before Sunset,2004,https://boxd.it/6kVJ8L,4,,,23/04/2024
24/04/2024,Before Midnight,2013,https://boxd.it/6kZm1b,3,,,24/04/2024
26/04/2024,Tape,2001,https://boxd.it/6lDHpj,2.5,,,25/04/2024
27/04/2024,School of Rock,2003,https://boxd.it/6m2lS9,5,Yes,,26/04/2024
28/04/2024,We're All Going to the World's Fair,2021,https://boxd.it/6mvQi5,0.5,,,28/04/2024
28/04/2024,Funny Games,1997,https://boxd.it/6myrEh,3.5,,,28/04/2024
01/05/2024,May December,2023,https://boxd.it/6nTRYX,4,,,01/05/2024
02/05/2024,Challengers,2024,https://boxd.it/6o7YU7,4.5,,cine,01/05/2024
04/05/2024,Fatal Attraction,1987,https://boxd.it/6p8xgv,4,,,03/05/2024
05/05/2024,Jennifer's Body,2009,https://boxd.it/6pBPm5,3,,,04/05/2024
09/05/2024,Geostorm,2017,https://boxd.it/6rcGCh,1.5,,,08/05/2024
09/05/2024,Dawn of the Planet of the Apes,2014,https://boxd.it/6risIH,4,,,08/05/2024
10/05/2024,War for the Planet of the Apes,2017,https://boxd.it/6rDwil,4,,,09/05/2024
13/05/2024,Toy Story 4,2019,https://boxd.it/6sT0SR,3,,,12/05/2024
13/05/2024,Unfrosted,2024,https://boxd.it/6sXw5v,0.5,,,13/05/2024
15/05/2024,Elvis,2022,https://boxd.it/6toReH,2.5,,avion,14/05/2024
16/05/2024,Beau Is Afraid,2023,https://boxd.it/6u3EeB,2,,tren,16/05/2024
18/05/2024,Exam,2009,https://boxd.it/6uLio3,3.5,,avion,18/05/2024
28/05/2024,Ticket to Paradise,2022,https://boxd.it/6z4hgL,2,,,28/05/2024
21/06/2024,Paddington 2,2017,https://boxd.it/6IqrWH,5,Yes,,20/06/2024
26/06/2024,Monsters vs Aliens,2009,https://boxd.it/6KvAsz,3.5,,,25/06/2024
12/07/2024,Nope,2022,https://boxd.it/6R7y1r,4,,,11/07/2024
14/07/2024,Late Night with the Devil,2023,https://boxd.it/6ScE4P,,,,13/07/2024
24/07/2024,Grave of the Fireflies,1988,https://boxd.it/6WLksN,2.5,,,23/07/2024
25/07/2024,In Bruges,2008,https://boxd.it/6XcC5V,3.5,,,24/07/2024
03/08/2024,Poltergeist,1982,https://boxd.it/71bgUV,2,,,03/08/2024
05/08/2024,The Shining,1980,https://boxd.it/726qgb,4,,,04/08/2024
10/08/2024,American Psycho,2000,https://boxd.it/74efyd,3.5,,,10/08/2024
12/08/2024,It's a Wonderful Life,1946,https://boxd.it/75amf9,3.5,,,11/08/2024
18/08/2024,Ghost Ship,2002,https://boxd.it/77RuvN,1,,,17/08/2024
21/08/2024,I Can't Live Without You,2024,https://boxd.it/79phUH,0.5,,,20/08/2024
25/08/2024,Immaculate,2024,https://boxd.it/7b8kIX,3.5,,,24/08/2024
28/08/2024,Over the Hedge,2006,https://boxd.it/7cBc1t,2.5,,,28/08/2024
03/09/2024,We Bought a Zoo,2011,https://boxd.it/7frJEv,2.5,,,03/09/2024
09/09/2024,Alien,1979,https://boxd.it/7hMLHB,3,,,07/09/2024
14/09/2024,Friday the 13th,1980,https://boxd.it/7k98fd,2,,,13/09/2024
15/09/2024,The Sandlot,1993,https://boxd.it/7kIvbt,2.5,,,14/09/2024
18/09/2024,Team America: World Police,2004,https://boxd.it/7m41oF,3,,,17/09/2024
21/09/2024,Trap,2024,https://boxd.it/7ninNp,3,,,21/09/2024
22/09/2024,Longlegs,2024,https://boxd.it/7nKUfV,5,,,21/09/2024
01/10/2024,When Evil Lurks,2023,https://boxd.it/7rH15r,4.5,,,30/09/2024
01/10/2024,Viva High School Musical: Argentina,2008,https://boxd.it/7rKupV,1.5,,,30/09/2024
06/10/2024,Child's Play,1988,https://boxd.it/7u7epp,3,,,05/10/2024
20/10/2024,Scream,1996,https://boxd.it/7B5tsn,4,,,19/10/2024
27/10/2024,Evil Dead,2013,https://boxd.it/7EDzBF,3,,,26/10/2024
03/11/2024,Demolition Man,1993,https://boxd.it/7IvvTb,2.5,,,02/11/2024
05/11/2024,Back to the Future,1985,https://boxd.it/7JEghN,4,,,04/11/2024
08/11/2024,It Follows,2014,https://boxd.it/7KLf6R,4,,,07/11/2024
09/11/2024,Final Destination,2000,https://boxd.it/7Lk9Gz,3,,,08/11/2024
12/11/2024,Back to the Future Part II,1989,https://boxd.it/7N4CMR,3,,,11/11/2024
13/11/2024,The Substance,2024,https://boxd.it/7Nmlx7,3.5,,,12/11/2024
16/11/2024,Back to the Future Part III,1990,https://boxd.it/7ORwap,3.5,,,15/11/2024
17/11/2024,The Day of the Beast,1995,https://boxd.it/7PoXEx,1.5,,,16/11/2024
24/11/2024,Smile 2,2024,https://boxd.it/7SY53L,4,,,23/11/2024
26/11/2024,Kill the Jockey,2024,https://boxd.it/7U4A8D,4,,,25/11/2024
27/11/2024,Final Destination 2,2003,https://boxd.it/7Uu5KD,3,,,26/11/2024
01/12/2024,Final Destination 3,2006,https://boxd.it/7Wv8gh,3,,,30/11/2024
04/12/2024,The Final Destination,2009,https://boxd.it/7Y4d8V,1,,,03/12/2024
05/12/2024,The Merry Gentlemen,2024,https://boxd.it/7Yy9Kh,1.5,,,04/12/2024
06/12/2024,Pride & Prejudice,2005,https://boxd.it/7YUHlT,4.5,,,05/12/2024
07/12/2024,Final Destination 5,2011,https://boxd.it/7Zo7Ut,1.5,,,06/12/2024
08/12/2024,Mama,2013,https://boxd.it/7ZWmjZ,2,,,07/12/2024
11/12/2024,Love Lies Bleeding,2024,https://boxd.it/81qwSp,4,,,10/12/2024
15/12/2024,Under the Skin,2013,https://boxd.it/83sM1X,1.5,,,14/12/2024
18/12/2024,Anora,2024,https://boxd.it/855mmn,5,,,17/12/2024
21/12/2024,Heretic,2024,https://boxd.it/86S0Rv,4,,,21/12/2024
22/12/2024,Black Christmas,1974,https://boxd.it/87sDTR,4,,,21/12/2024
22/12/2024,Better Watch Out,2016,https://boxd.it/87tUTh,1.5,,,22/12/2024
23/12/2024,Sing Sing,2023,https://boxd.it/88iAyb,4,,,23/12/2024
24/12/2024,The Wild Robot,2024,https://boxd.it/890A8F,3.5,,,24/12/2024
26/12/2024,Juror #2,2024,https://boxd.it/89OVZP,4,,,25/12/2024
26/12/2024,Inside Out 2,2024,https://boxd.it/8aERCL,2.5,,,26/12/2024
27/12/2024,Conclave,2024,https://boxd.it/8bxNtZ,4.5,,,27/12/2024
28/12/2024,Woman of the Hour,2023,https://boxd.it/8cn1Yz,2.5,,,28/12/2024
29/12/2024,MaXXXine,2024,https://boxd.it/8de7B3,2.5,,,29/12/2024
30/12/2024,Flow,2024,https://boxd.it/8ekb2H,3.5,,,30/12/2024
31/12/2024,Wicked,2024,https://boxd.it/8fdsjZ,3,,,31/12/2024
02/01/2025,A Real Pain,2024,https://boxd.it/8g7nYl,3.5,,,01/01/2025
04/01/2025,Thelma,2024,https://boxd.it/8jc2w3,4,,,04/01/2025
06/01/2025,The Shadow Strays,2024,https://boxd.it/8kN4Rb,3,,,05/01/2025
08/01/2025,Emilia Pérez,2024,https://boxd.it/8mHOTD,0.5,,,07/01/2025
10/01/2025,Drive-Away Dolls,2024,https://boxd.it/8oL7lp,3,,,09/01/2025
11/01/2025,My Old Ass,2024,https://boxd.it/8pNCsJ,3.5,,,10/01/2025
13/01/2025,Hundreds of Beavers,2022,https://boxd.it/8s5cHx,3,,,12/01/2025
14/01/2025,Knock at the Cabin,2023,https://boxd.it/8t0z8z,3.5,,,13/01/2025
15/01/2025,Gladiator,2000,https://boxd.it/8tN2M5,3.5,,,14/01/2025
17/01/2025,Queer,2024,https://boxd.it/8v6FJh,2,,,16/01/2025
18/01/2025,How to Have Sex,2023,https://boxd.it/8vUsAV,3.5,,,17/01/2025
19/01/2025,The Conjuring,2013,https://boxd.it/8wTLSB,2,,,18/01/2025
20/01/2025,Fargo,1996,https://boxd.it/8xeGjD,4,,,19/01/2025
21/01/2025,WALL·E,2008,https://boxd.it/8ymqpl,5,Yes,,20/01/2025
22/01/2025,The Wrong Trousers,1993,https://boxd.it/8yVJXB,4.5,,,21/01/2025
22/01/2025,A Grand Day Out,1989,https://boxd.it/8z4YeJ,3,,,21/01/2025
23/01/2025,Bodies Bodies Bodies,2022,https://boxd.it/8zGjkR,3.5,,,22/01/2025
23/01/2025,A Close Shave,1995,https://boxd.it/8zPwhf,3.5,,,22/01/2025
24/01/2025,Wallace & Gromit: The Curse of the Were-Rabbit,2005,https://boxd.it/8AwVsX,3.5,,,23/01/2025
25/01/2025,Kingdom of the Planet of the Apes,2024,https://boxd.it/8Bfwhl,3.5,,,24/01/2025
25/01/2025,The Incident,1967,https://boxd.it/8Br4Wp,4,,,24/01/2025
26/01/2025,Alien: Romulus,2024,https://boxd.it/8BLzRF,4,,,25/01/2025
27/01/2025,Gladiator II,2024,https://boxd.it/8CEMUx,3.5,,,26/01/2025
27/01/2025,Black Box Diaries,2024,https://boxd.it/8D4aUh,,,,26/01/2025
27/01/2025,"tick, tick... BOOM!",2021,https://boxd.it/8Dfxhz,3,,,26/01/2025
28/01/2025,A Matter of Loaf and Death,2008,https://boxd.it/8DBsyf,3.5,,,27/01/2025
28/01/2025,Wallace & Gromit: Vengeance Most Fowl,2024,https://boxd.it/8DNu0t,4,,,27/01/2025
29/01/2025,Nickel Boys,2024,https://boxd.it/8EVV1t,3,,,29/01/2025
31/01/2025,Incident,2023,https://boxd.it/8FPvUJ,,,,30/01/2025
31/01/2025,Babygirl,2024,https://boxd.it/8G1UJZ,3,,,30/01/2025
02/02/2025,Nosferatu,2024,https://boxd.it/8H4i9T,2.5,,,01/02/2025
02/02/2025,The Hunt,2020,https://boxd.it/8HCxO1,2,,,02/02/2025
02/02/2025,Oddity,2024,https://boxd.it/8HIsaR,2.5,,,02/02/2025
03/02/2025,Memoir of a Snail,2024,https://boxd.it/8I9HIj,3.5,,,02/02/2025
04/02/2025,I'm Not a Robot,2023,https://boxd.it/8IWjOF,,,,03/02/2025
05/02/2025,Elton John: Never Too Late,2024,https://boxd.it/8JFqRr,,,,04/02/2025
06/02/2025,Maria,2024,https://boxd.it/8K0Qd5,3.5,,,05/02/2025
07/02/2025,Anuja,2024,https://boxd.it/8Kvb7R,,,,06/02/2025
07/02/2025,The Only Girl in the Orchestra,2023,https://boxd.it/8KybIT,,,,06/02/2025
07/02/2025,A Different Man,2024,https://boxd.it/8KJSo5,3.5,,,06/02/2025
09/02/2025,The Apprentice,2024,https://boxd.it/8LTLu5,3.5,,,08/02/2025
10/02/2025,The Seed of the Sacred Fig,2024,https://boxd.it/8MIetF,4,,,09/02/2025
10/02/2025,Instruments of a Beating Heart,2024,https://boxd.it/8MRCxz,,,,09/02/2025
10/02/2025,Yuck!,2024,https://boxd.it/8MZcbj,,,,09/02/2025
11/02/2025,The Six Triple Eight,2024,https://boxd.it/8NjlO5,2,,,10/02/2025
11/02/2025,Better Man,2024,https://boxd.it/8NvAfj,4.5,,,10/02/2025
12/02/2025,The Girl with the Needle,2024,https://boxd.it/8O0rZz,3,,,11/02/2025
12/02/2025,"I Am Ready, Warden",2024,https://boxd.it/8O6Jy9,,,,11/02/2025
13/02/2025,A Lien,2023,https://boxd.it/8Ouqif,,,,12/02/2025
13/02/2025,Soundtrack to a Coup d'Etat,2024,https://boxd.it/8OHTE1,3.5,,,12/02/2025
15/02/2025,Beautiful Men,2023,https://boxd.it/8PzmTZ,,,,14/02/2025
15/02/2025,Sugarcane,2024,https://boxd.it/8PURSZ,3,,,14/02/2025
15/02/2025,The Man Who Could Not Remain Silent,2024,https://boxd.it/8Qaoyt,,,,14/02/2025
21/02/2025,The Brutalist,2024,https://boxd.it/8U1yq3,4,,,20/02/2025
23/02/2025,Bridget Jones's Diary,2001,https://boxd.it/8UUUHF,3,,,22/02/2025
23/02/2025,Death by Numbers,2024,https://boxd.it/8V93lh,,,,22/02/2025
23/02/2025,Porcelain War,2024,https://boxd.it/8VaozB,2,,,22/02/2025
24/02/2025,The Last Ranger,2024,https://boxd.it/8VD37z,,,,23/02/2025
24/02/2025,No Other Land,2024,https://boxd.it/8VGEQ3,,,,23/02/2025
24/02/2025,Magic Candies,2024,https://boxd.it/8VSGkx,,,,23/02/2025
24/02/2025,September 5,2024,https://boxd.it/8W3RZt,3.5,,,23/02/2025
25/02/2025,In the Shadow of the Cypress,2023,https://boxd.it/8WCYLN,,,,24/02/2025
25/02/2025,Wander to Wonder,2023,https://boxd.it/8WF9zR,,,,24/02/2025
26/02/2025,A Complete Unknown,2024,https://boxd.it/8Xmb9R,2.5,,,25/02/2025
27/02/2025,I'm Still Here,2024,https://boxd.it/8XO2lF,4,,cine,26/02/2025
01/03/2025,The French Connection,1971,https://boxd.it/8YUhCd,3.5,,,28/02/2025
02/03/2025,Chariots of Fire,1981,https://boxd.it/8ZAa7V,3,,,01/03/2025
02/03/2025,Cuckoo,2024,https://boxd.it/8ZLzqb,3,,,01/03/2025
02/03/2025,Grafted,2024,https://boxd.it/8ZS29Z,2,,,02/03/2025
03/03/2025,Lady and the Tramp,1955,https://boxd.it/90mkw3,5,,,02/03/2025
03/03/2025,The Holdovers,2023,https://boxd.it/90EbK7,4.5,,,03/03/2025
04/03/2025,Parasite,2019,https://boxd.it/91eV4t,4,,,04/03/2025
05/03/2025,How to Train Your Dragon,2010,https://boxd.it/91EJFp,5,,,04/03/2025
06/03/2025,The Secret Life of Walter Mitty,2013,https://boxd.it/922V4N,3.5,,,05/03/2025
06/03/2025,The Thing,1982,https://boxd.it/92dKwX,,,,05/03/2025
06/03/2025,Companion,2025,https://boxd.it/92l1dH,3,,,05/03/2025
07/03/2025,The Secret in Their Eyes,2009,https://boxd.it/92JoVF,5,,,06/03/2025
07/03/2025,10 Things I Hate About You,1999,https://boxd.it/92ZBG1,4.5,,,07/03/2025
08/03/2025,The Florida Project,2017,https://boxd.it/93rvXB,4,,,07/03/2025
08/03/2025,The Quick and the Dead,1995,https://boxd.it/93FF2j,3.5,,,07/03/2025
09/03/2025,Lawrence of Arabia,1962,https://boxd.it/94ddOx,,,,08/03/2025
09/03/2025,The Watchers,2024,https://boxd.it/94mfh9,2,,,08/03/2025
10/03/2025,Jaws,1975,https://boxd.it/94THsv,3.5,,,09/03/2025
11/03/2025,Hot Rod,2007,https://boxd.it/95MiBR,4,,,10/03/2025
12/03/2025,Machuca,2004,https://boxd.it/96kOVx,3.5,,,11/03/2025
13/03/2025,Moana,2016,https://boxd.it/96PH99,4,,,12/03/2025
14/03/2025,Moana 2,2024,https://boxd.it/97cPkZ,3,,,13/03/2025
15/03/2025,Jurassic Park,1993,https://boxd.it/97ZfXf,5,,,14/03/2025
16/03/2025,Airplane!,1980,https://boxd.it/98dk5b,2.5,,,15/03/2025
17/03/2025,The Aristocats,1970,https://boxd.it/99fbuf,3,,,16/03/2025
18/03/2025,The Ides of March,2011,https://boxd.it/9a8cYb,3.5,,,18/03/2025
20/03/2025,The Electric State,2025,https://boxd.it/9aOpXf,0.5,,,19/03/2025
20/03/2025,My Cousin Vinny,1992,https://boxd.it/9b1I8L,5,,,19/03/2025
21/03/2025,Waiting for the Hearse,1985,https://boxd.it/9bnHif,,,,20/03/2025
22/03/2025,Brother Bear,2003,https://boxd.it/9c1jhH,4,,,21/03/2025
22/03/2025,The Rocky Horror Picture Show,1975,https://boxd.it/9c7neT,3,,,22/03/2025
23/03/2025,My Neighbor Totoro,1988,https://boxd.it/9ctvLl,3.5,,,22/03/2025
23/03/2025,The Last Stop in Yuma County,2023,https://boxd.it/9cOeIV,3.5,,,23/03/2025
25/03/2025,The Lord of the Rings: The Fellowship of the Ring,2001,https://boxd.it/9dWRfN,4,,,24/03/2025
27/03/2025,The Lord of the Rings: The Two Towers,2002,https://boxd.it/9eTvL1,4.5,,,26/03/2025
29/03/2025,The Lord of the Rings: The Return of the King,2003,https://boxd.it/9fR6rb,5,,,28/03/2025
29/03/2025,Forrest Gump,1994,https://boxd.it/9g1Mu7,3,,,28/03/2025
30/03/2025,The Invention of Lying,2009,https://boxd.it/9gwoz5,1,,,29/03/2025
30/03/2025,Novocaine,2025,https://boxd.it/9gLuWz,3,,,30/03/2025
01/04/2025,Dressed to Kill,1980,https://boxd.it/9hX9YH,3,,,31/03/2025
02/04/2025,Black Bag,2025,https://boxd.it/9io5vv,4,,,01/04/2025
03/04/2025,Legally Blonde,2001,https://boxd.it/9j1htz,3,,,03/04/2025
04/04/2025,The Way Way Back,2013,https://boxd.it/9jnZcV,3.5,,,03/04/2025
05/04/2025,The Monkey,2025,https://boxd.it/9jNqrN,2.5,,,04/04/2025
05/04/2025,The Naked Gun: From the Files of Police Squad!,1988,https://boxd.it/9jXskf,2.5,,,04/04/2025
06/04/2025,Blink Twice,2024,https://boxd.it/9kB7mp,3,,,05/04/2025
06/04/2025,Pulp Fiction,1994,https://boxd.it/9kJvh5,4.5,,,06/04/2025
07/04/2025,Turning Red,2022,https://boxd.it/9lerHF,3.5,,,06/04/2025
07/04/2025,The Truman Show,1998,https://boxd.it/9lhWkj,4,,,06/04/2025
09/04/2025,Four Letter Words,2000,https://boxd.it/9mnJHP,3,,,08/04/2025
10/04/2025,Mission: Impossible,1996,https://boxd.it/9mN5uN,3.5,,,09/04/2025
11/04/2025,The Godfather,1972,https://boxd.it/9nglJH,,,,10/04/2025
12/04/2025,The Witch,2015,https://boxd.it/9nK8Op,2.5,,,11/04/2025
12/04/2025,Chinese Take-Away,2011,https://boxd.it/9nYB4N,3,,,12/04/2025
14/04/2025,Spirited Away,2001,https://boxd.it/9pakC7,4,,,13/04/2025
15/04/2025,The Lion King,1994,https://boxd.it/9pBnDL,4,,,14/04/2025
16/04/2025,Mission: Impossible II,2000,https://boxd.it/9q8JCh,4,,,15/04/2025
16/04/2025,The Virgin Suicides,1999,https://boxd.it/9qnpwj,4,,,16/04/2025
17/04/2025,The Super Mario Bros. Movie,2023,https://boxd.it/9qIvcB,3,,,16/04/2025
17/04/2025,G-Force,2009,https://boxd.it/9qT0nP,,Yes,,17/04/2025
18/04/2025,Mickey 17,2025,https://boxd.it/9rdmp9,3.5,,,17/04/2025
18/04/2025,Vertigo,1958,https://boxd.it/9rrWZF,4,,,18/04/2025
19/04/2025,Flower,2017,https://boxd.it/9rWT9D,2.5,,,18/04/2025
19/04/2025,Click,2006,https://boxd.it/9s1031,1.5,,,18/04/2025
19/04/2025,Speed Racer,2008,https://boxd.it/9sbdy7,,,,19/04/2025
20/04/2025,Paranormal Activity,2007,https://boxd.it/9sOqHf,3,,,20/04/2025
20/04/2025,The Princess Bride,1987,https://boxd.it/9sTzXL,4,,,20/04/2025
22/04/2025,Us,2019,https://boxd.it/9u2hzj,3.5,,,21/04/2025
22/04/2025,Drop Dead Gorgeous,1999,https://boxd.it/9uk609,4,,,22/04/2025
23/04/2025,"Same Love, Same Rain",1999,https://boxd.it/9uJtz7,3,,,22/04/2025
23/04/2025,The Fox and the Hound,1981,https://boxd.it/9uUkJp,4.5,,,23/04/2025
24/04/2025,Shiva Baby,2020,https://boxd.it/9vqk0D,3.5,,,24/04/2025
25/04/2025,Son of the Bride,2001,https://boxd.it/9vNYsN,5,,,24/04/2025
26/04/2025,I Now Pronounce You Chuck & Larry,2007,https://boxd.it/9woX8L,2,,,26/04/2025
26/04/2025,Beauty and the Beast,1991,https://boxd.it/9wuL6b,4,,,26/04/2025
27/04/2025,Paranormal Activity 3,2011,https://boxd.it/9x8vL3,3,,,26/04/2025
27/04/2025,Paranormal Activity: The Marked Ones,2014,https://boxd.it/9xa1gt,2,,,27/04/2025
28/04/2025,Megamind,2010,https://boxd.it/9xS6yF,3,,,28/04/2025
30/04/2025,Bring It On,2000,https://boxd.it/9ywDhH,,,,29/04/2025
01/05/2025,Civil War,2024,https://boxd.it/9yZjuJ,3,,,30/04/2025
02/05/2025,Asteroid City,2023,https://boxd.it/9zzCSx,3.5,,,01/05/2025
03/05/2025,Marie Antoinette,2006,https://boxd.it/9AakaV,4,,,02/05/2025
04/05/2025,Eternal Sunshine of the Spotless Mind,2004,https://boxd.it/9AN4v7,4,,,03/05/2025
05/05/2025,Melancholia,2011,https://boxd.it/9BqBtL,3,,,04/05/2025
06/05/2025,Dick,1999,https://boxd.it/9ChJFL,,,,05/05/2025
07/05/2025,Drop,2025,https://boxd.it/9CSWMf,3,,,06/05/2025
08/05/2025,The Muppet Movie,1979,https://boxd.it/9Dq5xf,,,,07/05/2025
09/05/2025,Raising Arizona,1987,https://boxd.it/9DP9O5,3,,,08/05/2025
10/05/2025,Robot Dreams,2023,https://boxd.it/9EkIxv,2,,,09/05/2025
11/05/2025,Death of a Unicorn,2025,https://boxd.it/9EMD2t,1.5,,,10/05/2025
12/05/2025,Donnie Darko,2001,https://boxd.it/9FycrR,3.5,,,11/05/2025
13/05/2025,Petite Maman,2021,https://boxd.it/9Ge9sh,4.5,,,12/05/2025
14/05/2025,Batman Begins,2005,https://boxd.it/9GGvGV,4,,,13/05/2025
15/05/2025,The Dark Knight,2008,https://boxd.it/9Hio9r,4,,,14/05/2025
16/05/2025,The Dark Knight Rises,2012,https://boxd.it/9HJuQP,4,,,15/05/2025
17/05/2025,Theater Camp,2023,https://boxd.it/9Ih2mF,4,,,16/05/2025
18/05/2025,Self Reliance,2023,https://boxd.it/9IWndB,2.5,,,17/05/2025
19/05/2025,Ocean's Twelve,2004,https://boxd.it/9JAm5r,4,,,18/05/2025
19/05/2025,The Mist,2007,https://boxd.it/9JJZHR,3.5,,,18/05/2025
20/05/2025,Ocean's Thirteen,2007,https://boxd.it/9Kc7kR,4.5,,,19/05/2025
20/05/2025,Serial Mom,1994,https://boxd.it/9KnYwD,,,,19/05/2025
21/05/2025,Side Effects,2013,https://boxd.it/9KMDgp,3.5,,,20/05/2025
22/05/2025,The Lego Batman Movie,2017,https://boxd.it/9Lj0LT,3.5,,,21/05/2025
23/05/2025,Unsane,2018,https://boxd.it/9LROmx,3,,,22/05/2025
24/05/2025,Inception,2010,https://boxd.it/9MpaCD,4.5,,,23/05/2025
25/05/2025,Lilo & Stitch,2002,https://boxd.it/9MUPhN,5,Yes,,24/05/2025
26/05/2025,Fear Street: 1994,2021,https://boxd.it/9NPadf,,,,25/05/2025
26/05/2025,Fear Street: 1978,2021,https://boxd.it/9NYo45,,,,25/05/2025
26/05/2025,Fear Street: 1666,2021,https://boxd.it/9O21Yx,,,,25/05/2025
27/05/2025,Burning,2018,https://boxd.it/9OBLOt,4,,,26/05/2025
27/05/2025,Honeymoon,2014,https://boxd.it/9OLqKF,2.5,,,26/05/2025
28/05/2025,Phantasm,1979,https://boxd.it/9PmGgP,1,,,27/05/2025
29/05/2025,"Monsters, Inc.",2001,https://boxd.it/9PRwwZ,5,Yes,doblada,28/05/2025
30/05/2025,Coco,2017,https://boxd.it/9QleIN,4.5,,,29/05/2025
31/05/2025,Inglourious Basterds,2009,https://boxd.it/9R0ygV,4,,,30/05/2025
01/06/2025,Empire Records,1995,https://boxd.it/9RKwvV,,,,31/05/2025
02/06/2025,Mission: Impossible – Rogue Nation,2015,https://boxd.it/9SuUYf,5,Yes,,01/06/2025
03/06/2025,Sinners,2025,https://boxd.it/9T11Mf,4,,,02/06/2025
04/06/2025,The Night House,2020,https://boxd.it/9TL9AN,3,,,03/06/2025
05/06/2025,Mustang,2015,https://boxd.it/9UczTv,,,,04/06/2025
06/06/2025,Monsters University,2013,https://boxd.it/9UEVVf,2.5,Yes,doblada,05/06/2025
07/06/2025,Carrie,1976,https://boxd.it/9VdHP3,,,,06/06/2025
08/06/2025,Mission: Impossible – The Final Reckoning,2025,https://boxd.it/9W6e5l,4,,cine,07/06/2025
10/06/2025,Butterfly Kisses,2018,https://boxd.it/9XsQXD,2,,,09/06/2025
11/06/2025,Toy Story,1995,https://boxd.it/9Y1vYb,,Yes,,10/06/2025
13/06/2025,History of the Occult,2020,https://boxd.it/9YZqJv,,,,12/06/2025
14/06/2025,John Wick,2014,https://boxd.it/9ZAdE7,3.5,,,13/06/2025
15/06/2025,Ocean's Eight,2018,https://boxd.it/a0mikH,2.5,,,14/06/2025
16/06/2025,Warfare,2025,https://boxd.it/a1gF95,1,,,15/06/2025
17/06/2025,Once,2007,https://boxd.it/a1RPBx,3,,,16/06/2025
18/06/2025,Moonstruck,1987,https://boxd.it/a2sWmX,3.5,,,17/06/2025
19/06/2025,Toy Story 2,1999,https://boxd.it/a31GH1,,Yes,,18/06/2025
20/06/2025,"Are You There God? It's Me, Margaret.",2023,https://boxd.it/a3GXJl,4.5,,,19/06/2025
21/06/2025,Portrait of a Lady on Fire,2019,https://boxd.it/a4j0RN,5,,,20/06/2025
22/06/2025,Grand Prix,1966,https://boxd.it/a4YQ9P,,,,21/06/2025
24/06/2025,M3GAN,2022,https://boxd.it/a6tlfN,3,,,23/06/2025
25/06/2025,Ferrari,2023,https://boxd.it/a74KHV,3,,,24/06/2025
26/06/2025,Phineas and Ferb The Movie: Across the 2nd Dimension,2011,https://boxd.it/a7Gelp,5,Yes,doblada,25/06/2025
28/06/2025,Bachelorette,2012,https://boxd.it/a8TMr7,3.5,,,27/06/2025
29/06/2025,Get Over It,2001,https://boxd.it/a9C5vF,,,,28/06/2025
29/06/2025,Strike!,1998,https://boxd.it/a9MpGN,4,,,29/06/2025
01/07/2025,Wimbledon,2004,https://boxd.it/aaZdxT,3,,,30/06/2025
01/07/2025,Children of Men,2006,https://boxd.it/ab3Csx,3,,,30/06/2025
02/07/2025,Woodshock,2017,https://boxd.it/abFFjf,,,,01/07/2025
03/07/2025,No Country for Old Men,2007,https://boxd.it/acmUtF,4.5,,,02/07/2025
04/07/2025,A Separation,2011,https://boxd.it/acYGCz,4.5,,,03/07/2025
05/07/2025,The Two Faces of January,2014,https://boxd.it/adwI3J,2.5,,,04/07/2025
06/07/2025,Days of Thunder,1990,https://boxd.it/aed1kD,3.5,,,05/07/2025
06/07/2025,F1,2025,https://boxd.it/aeoZ8T,4,,cine,05/07/2025
07/07/2025,Death Becomes Her,1992,https://boxd.it/af91GP,2,,,06/07/2025
08/07/2025,Strays,2023,https://boxd.it/afVOzp,0.5,,,07/07/2025
09/07/2025,Michael Clayton,2007,https://boxd.it/agCtx9,4.5,,,08/07/2025
11/07/2025,Up,2009,https://boxd.it/ahRgG7,,Yes,,09/07/2025
11/07/2025,Your Monster,2024,https://boxd.it/ahSksv,3.5,,,10/07/2025
13/07/2025,The Social Network,2010,https://boxd.it/ajqNdh,4,,,12/07/2025
13/07/2025,The Descent,2005,https://boxd.it/ajBYj3,3,,,12/07/2025
15/07/2025,I Know What You Did Last Summer,1997,https://boxd.it/aleEYH,3.5,,,14/07/2025
17/07/2025,Oliver & Company,1988,https://boxd.it/amy9yd,,,,16/07/2025
17/07/2025,Moon,2009,https://boxd.it/amFxG5,3.5,,,16/07/2025
18/07/2025,Elizabethtown,2005,https://boxd.it/anjtyr,3.5,,,17/07/2025
19/07/2025,The Beguiled,2017,https://boxd.it/ao5xkJ,4,,,18/07/2025
20/07/2025,Apollo 13,1995,https://boxd.it/aoPUUR,2.5,,,19/07/2025
22/07/2025,Spider-Man,2002,https://boxd.it/aqx73V,,,,21/07/2025
22/07/2025,Fantastic Four,2005,https://boxd.it/aqBWSD,,,,21/07/2025
23/07/2025,Fantastic Four: Rise of the Silver Surfer,2007,https://boxd.it/arnIqB,,,,22/07/2025
24/07/2025,Fantastic Four,2015,https://boxd.it/as746t,0.5,,,23/07/2025
25/07/2025,The Blackening,2022,https://boxd.it/asNTqX,3.5,,,24/07/2025
26/07/2025,Materialists,2025,https://boxd.it/atneoj,3.5,,,25/07/2025
27/07/2025,Ratatouille,2007,https://boxd.it/auj3FJ,,Yes,,26/07/2025
27/07/2025,The Shawshank Redemption,1994,https://boxd.it/auuiqL,4,,,26/07/2025
28/07/2025,Chicken Little,2005,https://boxd.it/avt4t9,2,Yes,,27/07/2025
29/07/2025,Spider-Man 2,2004,https://boxd.it/awgbfB,,,,28/07/2025
30/07/2025,Spider-Man 3,2007,https://boxd.it/ax2TNj,,,,29/07/2025
31/07/2025,The Coffee Table,2022,https://boxd.it/ay5xeV,,,,30/07/2025
02/08/2025,The Five Devils,2022,https://boxd.it/azeWNt,4.5,,,01/08/2025
03/08/2025,Sleepers,1996,https://boxd.it/aAeonZ,4.5,,,02/08/2025
04/08/2025,Cape Fear,1991,https://boxd.it/aBhSFJ,4,,,03/08/2025
05/08/2025,Crane World,1999,https://boxd.it/aC7bvF,,,,04/08/2025
06/08/2025,El bonaerense,2002,https://boxd.it/aCTe4t,2,,,05/08/2025
08/08/2025,"Sorry, Baby",2025,https://boxd.it/aDWytt,3.5,,,07/08/2025
08/08/2025,Born and Bred,2006,https://boxd.it/aEc05J,,,,07/08/2025
09/08/2025,Insidious,2010,https://boxd.it/aERWNr,,,,08/08/2025
10/08/2025,Saw,2004,https://boxd.it/aFFClH,3.5,,,09/08/2025
12/08/2025,Inside,2023,https://boxd.it/aHcTbJ,2.5,,,11/08/2025
12/08/2025,Lion's Den,2008,https://boxd.it/aHxHRZ,3,,,11/08/2025
13/08/2025,Carancho,2010,https://boxd.it/aIgmbt,,,,12/08/2025
14/08/2025,White Elephant,2012,https://boxd.it/aIXpKH,,,,13/08/2025
15/08/2025,Eddington,2025,https://boxd.it/aJkM6L,1,,,14/08/2025
15/08/2025,The Clan,2015,https://boxd.it/aJDtER,4,,,14/08/2025
17/08/2025,The Quietude,2018,https://boxd.it/aKIGzJ,,,,16/08/2025
19/08/2025,The Muppets,2011,https://boxd.it/aMFo6V,4.5,Yes,,18/08/2025
19/08/2025,Easy Rider,1969,https://boxd.it/aMLcIZ,,,,18/08/2025
20/08/2025,Fight Club,1999,https://boxd.it/aNlPiX,4,,,19/08/2025
20/08/2025,Two-Lane Blacktop,1971,https://boxd.it/aNs59z,2.5,,,19/08/2025
22/08/2025,Once Upon a Time... in Hollywood,2019,https://boxd.it/aOG9Sb,4.5,,,21/08/2025
23/08/2025,KPop Demon Hunters,2025,https://boxd.it/aPlPUb,3.5,,,22/08/2025
23/08/2025,Locked,2025,https://boxd.it/aPurL3,2,,,22/08/2025
25/08/2025,Taxi Driver,1976,https://boxd.it/aQyms3,3.5,,,24/08/2025
26/08/2025,Magic Farm,2025,https://boxd.it/aRMp8d,,,,25/08/2025
27/08/2025,Carnival of Souls,1962,https://boxd.it/aSpVwT,,,,26/08/2025
28/08/2025,Together,2025,https://boxd.it/aSVSnN,4,,,27/08/2025
28/08/2025,Office Space,1999,https://boxd.it/aT1AQp,3.5,,,27/08/2025
29/08/2025,"Oh, Hi!",2025,https://boxd.it/aTAfs7,,,,28/08/2025
29/08/2025,The Secret Life of Walter Mitty,2013,https://boxd.it/aTEno1,4,Yes,,28/08/2025
31/08/2025,High and Low,1963,https://boxd.it/aUSPjF,4,,,30/08/2025
02/09/2025,Elio,2025,https://boxd.it/aWvWvb,3.5,,,01/09/2025
03/09/2025,The Naked Gun,2025,https://boxd.it/aXbbQP,3.5,,,02/09/2025
03/09/2025,The Conjuring 2,2016,https://boxd.it/aXgthN,3,,,02/09/2025
04/09/2025,The Conjuring: The Devil Made Me Do It,2021,https://boxd.it/aXPkaj,2.5,,,03/09/2025
05/09/2025,Carol,2015,https://boxd.it/aYke9L,4,,,04/09/2025
06/09/2025,Highest 2 Lowest,2025,https://boxd.it/aYQsfR,4,,,05/09/2025
07/09/2025,When Harry Met Sally...,1989,https://boxd.it/aZBCfL,5,,,06/09/2025
09/09/2025,Finding Dory,2016,https://boxd.it/b13WhH,,,doblada,08/09/2025
09/09/2025,The Usual Suspects,1995,https://boxd.it/b199RD,4,,,08/09/2025
10/09/2025,Weapons,2025,https://boxd.it/b1AXnH,3,,,09/09/2025
10/09/2025,The Man from Earth,2007,https://boxd.it/b1HMDN,4,,,09/09/2025
11/09/2025,Honey Don't!,2025,https://boxd.it/b2beBD,2.5,,,10/09/2025
11/09/2025,Primer,2004,https://boxd.it/b2fnIr,,,,10/09/2025
12/09/2025,Predestination,2014,https://boxd.it/b2L8BT,3,,,11/09/2025
14/09/2025,The Tragedy of Macbeth,2021,https://boxd.it/b3L5GP,4,,,13/09/2025
15/09/2025,Finding Nemo,2003,https://boxd.it/b4iChp,,Yes,doblada,14/09/2025
15/09/2025,Unknown Number: The High School Catfish,2025,https://boxd.it/b4F2NZ,,,,14/09/2025
16/09/2025,Boogie Nights,1997,https://boxd.it/b5oc7p,4,,,15/09/2025
17/09/2025,Punch-Drunk Love,2002,https://boxd.it/b5TMsv,,,,16/09/2025
18/09/2025,There Will Be Blood,2007,https://boxd.it/b6r1gl,5,,,17/09/2025
19/09/2025,The Master,2012,https://boxd.it/b6VwfD,,,,18/09/2025
20/09/2025,Inherent Vice,2014,https://boxd.it/b7unSr,,,,19/09/2025
21/09/2025,Magnolia,1999,https://boxd.it/b8bk1l,4.5,,,20/09/2025
22/09/2025,Licorice Pizza,2021,https://boxd.it/b8FISt,4,,,21/09/2025
22/09/2025,Phantom Thread,2017,https://boxd.it/b8UrT5,4.5,,,21/09/2025
23/09/2025,The Headless Woman,2008,https://boxd.it/b9vVob,,,,22/09/2025
24/09/2025,The Holy Girl,2004,https://boxd.it/bactkB,,,,23/09/2025
25/09/2025,Sirāt,2025,https://boxd.it/baut61,,,,24/09/2025
26/09/2025,The Power of the Dog,2021,https://boxd.it/bb272p,4,,,25/09/2025
29/09/2025,The Royal Tenenbaums,2001,https://boxd.it/bcGRp9,4,,,28/09/2025
29/09/2025,Cars 3,2017,https://boxd.it/bcZYDF,,,doblada,28/09/2025
30/09/2025,The Life Aquatic with Steve Zissou,2004,https://boxd.it/bdGJOp,3.5,,,29/09/2025
01/10/2025,Puan,2023,https://boxd.it/be9E6l,,,,30/09/2025
02/10/2025,The Incredibles,2004,https://boxd.it/beICSn,,Yes,,01/10/2025
02/10/2025,The Devil's Backbone,2001,https://boxd.it/bePErH,3,,,01/10/2025
05/10/2025,"Paris, Texas",1984,https://boxd.it/bgr1BX,4.5,,,04/10/2025
06/10/2025,Steve,2025,https://boxd.it/bhkuv5,2.5,,,05/10/2025
06/10/2025,The Devil Rides Out,1968,https://boxd.it/bhspn7,,,,05/10/2025
07/10/2025,The Brood,1979,https://boxd.it/bi9dZ5,,,,06/10/2025
08/10/2025,One Battle After Another,2025,https://boxd.it/biBbal,5,,cine,07/10/2025
09/10/2025,HIM,2025,https://boxd.it/bj9jLx,2.5,,,08/10/2025
09/10/2025,A History of Violence,2005,https://boxd.it/bji87f,4,,,08/10/2025
10/10/2025,Anastasia,1997,https://boxd.it/bjKM8j,,,,09/10/2025
11/10/2025,Jumanji,1995,https://boxd.it/bkp76N,,,,10/10/2025
12/10/2025,Hidden Figures,2016,https://boxd.it/bl3dy9,,,,11/10/2025
13/10/2025,Presence,2024,https://boxd.it/blt6fr,,,,12/10/2025
14/10/2025,Invasion of the Body Snatchers,1978,https://boxd.it/bmHEvv,4,,,13/10/2025
15/10/2025,Interview with the Vampire,1994,https://boxd.it/bnaeTJ,3.5,,,14/10/2025
15/10/2025,Vampires,1998,https://boxd.it/bnhBDt,3,,,14/10/2025
16/10/2025,Mona Lisa Smile,2003,https://boxd.it/bnFoH1,4,,,15/10/2025
16/10/2025,Exhuma,2024,https://boxd.it/bnQNgL,3.5,,,15/10/2025
17/10/2025,How to Lose Friends & Alienate People,2008,https://boxd.it/boi27X,,,,16/10/2025
18/10/2025,Scary Movie,2000,https://boxd.it/boUUcN,3,,,17/10/2025
18/10/2025,Scary Movie 2,2001,https://boxd.it/boXzDJ,2.5,,,17/10/2025
18/10/2025,Scary Movie 3,2003,https://boxd.it/bp0rgX,2.5,,,17/10/2025
19/10/2025,Hocus Pocus,1993,https://boxd.it/bproqz,,,,18/10/2025
19/10/2025,The Night of the Hunter,1955,https://boxd.it/bpy4Lh,4,,,18/10/2025
20/10/2025,Aladdin,1992,https://boxd.it/bq8vOp,,,,19/10/2025
20/10/2025,Someone Is Watching You,1988,https://boxd.it/bqF3tp,,,,19/10/2025
20/10/2025,Hereditary,2018,https://boxd.it/bqF3WV,4,,,19/10/2025
21/10/2025,The Cat o' Nine Tails,1971,https://boxd.it/briMvt,3.5,,,20/10/2025
22/10/2025,Four Flies on Grey Velvet,1971,https://boxd.it/brUJFr,4,,,21/10/2025
23/10/2025,Amélie,2001,https://boxd.it/bsouZB,5,,,22/10/2025
23/10/2025,Inferno,1980,https://boxd.it/bsvOAl,3,,,22/10/2025
24/10/2025,Tenebre,1982,https://boxd.it/bt5ZGh,4,,,23/10/2025
25/10/2025,The Cat's Meow,2001,https://boxd.it/btsomP,2.5,,,24/10/2025
26/10/2025,Pan's Labyrinth,2006,https://boxd.it/bu8wWv,,,,25/10/2025
27/10/2025,The Hand That Rocks the Cradle,1992,https://boxd.it/buQQZR,4.5,,,26/10/2025
27/10/2025,Re-Animator,1985,https://boxd.it/bvp6el,,,,26/10/2025
28/10/2025,Constantine,2005,https://boxd.it/bwamRR,2.5,,,27/10/2025
29/10/2025,Small Soldiers,1998,https://boxd.it/bwHion,4,,,28/10/2025
29/10/2025,Scream,1996,https://boxd.it/bwOj4d,4.5,Yes,,28/10/2025
30/10/2025,Scream 2,1997,https://boxd.it/bxqDiF,3,,,29/10/2025
30/10/2025,Scream 3,2000,https://boxd.it/bxqFJN,3,,,29/10/2025
31/10/2025,Hedda,2025,https://boxd.it/bxYeoL,4,,,30/10/2025
31/10/2025,Scream 4,2011,https://boxd.it/by3YNR,3.5,,,30/10/2025
01/11/2025,Scream,2022,https://boxd.it/byI13H,4,,,31/10/2025
01/11/2025,Scream VI,2023,https://boxd.it/byMRwz,3.5,,,31/10/2025
02/11/2025,La Ciénaga,2001,https://boxd.it/bz9Pnr,5,,,01/11/2025
03/11/2025,The Long Walk,2025,https://boxd.it/bzXVHH,3.5,,,02/11/2025
04/11/2025,The Pleasure Garden,1925,https://boxd.it/bB60PV,,,,03/11/2025
04/11/2025,The Lodger: A Story of the London Fog,1927,https://boxd.it/bB93Jn,,,,03/11/2025
05/11/2025,The Lady Vanishes,1938,https://boxd.it/bBJoIR,4,,,04/11/2025
06/11/2025,Rebecca,1940,https://boxd.it/bCiJib,4.5,,,05/11/2025
07/11/2025,Suspicion,1941,https://boxd.it/bCCW6x,4,,,06/11/2025
08/11/2025,Shadow of a Doubt,1943,https://boxd.it/bDnQrX,4,,,07/11/2025
08/11/2025,Spellbound,1945,https://boxd.it/bDzr6f,,,,07/11/2025
09/11/2025,Notorious,1946,https://boxd.it/bDZK4T,3,,,08/11/2025
09/11/2025,Strangers on a Train,1951,https://boxd.it/bE6pE1,3.5,,,08/11/2025
09/11/2025,To Catch a Thief,1955,https://boxd.it/bEhYSJ,4,,,08/11/2025
10/11/2025,North by Northwest,1959,https://boxd.it/bFbxPP,4.5,,,09/11/2025
11/11/2025,Psycho,1960,https://boxd.it/bFTIuL,4.5,,,10/11/2025
12/11/2025,Roofman,2025,https://boxd.it/bGttKh,3.5,,,11/11/2025
13/11/2025,Frankenstein,2025,https://boxd.it/bHa55l,,,,12/11/2025
13/11/2025,Frenzy,1972,https://boxd.it/bHdSyn,3,,,12/11/2025
14/11/2025,Family Plot,1976,https://boxd.it/bHO7BN,2.5,,,13/11/2025
15/11/2025,How to Be Single,2016,https://boxd.it/bIoTgv,3,,,14/11/2025
16/11/2025,Belén,2025,https://boxd.it/bJ15Vr,,,,15/11/2025
17/11/2025,Suspiria,1977,https://boxd.it/bJDj4R,,,,16/11/2025
19/11/2025,Good Boy,2025,https://boxd.it/bLehWl,2.5,,,18/11/2025
20/11/2025,If I Had Legs I'd Kick You,2025,https://boxd.it/bM0lLH,4,,,19/11/2025
21/11/2025,Uptown Girls,2003,https://boxd.it/bMwdWL,,,,20/11/2025
22/11/2025,Train Dreams,2025,https://boxd.it/bNapCj,5,,,21/11/2025
23/11/2025,No Other Choice,2025,https://boxd.it/bNGIh9,4,,,22/11/2025
24/11/2025,The Hand That Rocks the Cradle,2025,https://boxd.it/bOUJKj,,,,23/11/2025
25/11/2025,Sentimental Value,2025,https://boxd.it/bPGldB,5,,"cine, cannesfilmweek",24/11/2025
26/11/2025,It Was Just an Accident,2025,https://boxd.it/bQi5qv,4.5,,"cine, cannesfilmweek",25/11/2025
27/11/2025,Bugonia,2025,https://boxd.it/bQS5L1,3,,,26/11/2025
28/11/2025,Blue Moon,2025,https://boxd.it/bRoKYJ,,,,27/11/2025
29/11/2025,Incredibles 2,2018,https://boxd.it/bS0A85,,,,28/11/2025
30/11/2025,Atlantis: The Lost Empire,2001,https://boxd.it/bSuccx,,,,29/11/2025
01/12/2025,Before the Devil Knows You're Dead,2007,https://boxd.it/bTes47,,,,30/11/2025
01/12/2025,Guillermo del Toro's Pinocchio,2022,https://boxd.it/bTEWvJ,4,,,30/11/2025
02/12/2025,Hairspray,2007,https://boxd.it/bUhPXJ,,,,01/12/2025
03/12/2025,Parachute,2023,https://boxd.it/bUMNUl,4,,,02/12/2025
05/12/2025,E.T. the Extra-Terrestrial,1982,https://boxd.it/bW5Q7j,,,,04/12/2025
06/12/2025,The Purge,2013,https://boxd.it/bWDW7x,2,,,05/12/2025
07/12/2025,Jay Kelly,2025,https://boxd.it/bX7ry3,3.5,,,06/12/2025
07/12/2025,The Silence of the Lambs,1991,https://boxd.it/bXo8nJ,4.5,,,06/12/2025
08/12/2025,The Emperor's New Groove,2000,https://boxd.it/bXLZfJ,,Yes,,07/12/2025
09/12/2025,Lisa Frankenstein,2024,https://boxd.it/bZ0uXf,3.5,,,08/12/2025
09/12/2025,Home for the Holidays,1995,https://boxd.it/bZ5X0L,4,,,08/12/2025
10/12/2025,I'm Thinking of Ending Things,2020,https://boxd.it/bZHRah,,,,09/12/2025
10/12/2025,Bad Santa,2003,https://boxd.it/bZKLt9,1.5,,,09/12/2025
11/12/2025,Die My Love,2025,https://boxd.it/c0lDFZ,3,,,10/12/2025
11/12/2025,The Family Man,2000,https://boxd.it/c0o3Kl,3.5,,,10/12/2025
12/12/2025,Green Book,2018,https://boxd.it/c0S7kh,,,,11/12/2025
13/12/2025,It Ends,2025,https://boxd.it/c1AArf,,,,12/12/2025
14/12/2025,The Mysterious Gaze of the Flamingo,2025,https://boxd.it/c2sCJj,,,,13/12/2025
15/12/2025,Sore: A Wife from the Future,2025,https://boxd.it/c2S31D,4.5,,,14/12/2025
15/12/2025,The Running Man,2025,https://boxd.it/c3i9rJ,3,,,14/12/2025
16/12/2025,Stand by Me,1986,https://boxd.it/c3V5BN,,,,15/12/2025
17/12/2025,The Fabelmans,2022,https://boxd.it/c53viR,4.5,,,16/12/2025
17/12/2025,While You Were Sleeping,1995,https://boxd.it/c5fZrt,,,,16/12/2025
18/12/2025,The Mastermind,2025,https://boxd.it/c5WuKP,3,,,17/12/2025
18/12/2025,Trading Places,1983,https://boxd.it/c66JLj,,,,17/12/2025
19/12/2025,Possession,1981,https://boxd.it/c6T3Mx,,,,18/12/2025
20/12/2025,Minority Report,2002,https://boxd.it/c7KfAT,4,,,19/12/2025
20/12/2025,31 Minutes: One Hot Christmas,2025,https://boxd.it/c7VW6f,,,,19/12/2025
21/12/2025,Avatar: The Way of Water,2022,https://boxd.it/c8A8hf,3,,,20/12/2025
21/12/2025,White Christmas,1954,https://boxd.it/c91PpF,,,,20/12/2025
22/12/2025,Mermaids,1990,https://boxd.it/c9vcRP,,,,21/12/2025
23/12/2025,Eat,2012,https://boxd.it/cb8hZ7,2.5,,,22/12/2025
23/12/2025,The Baltimorons,2025,https://boxd.it/cboHvT,3.5,,,22/12/2025
24/12/2025,Raw,2016,https://boxd.it/cceuj5,4.5,,,23/12/2025
25/12/2025,The Muppet Christmas Carol,1992,https://boxd.it/cd2NWl,,,,24/12/2025
25/12/2025,Titane,2021,https://boxd.it/cdklWN,,,,24/12/2025
26/12/2025,The Nightmare Before Christmas,1993,https://boxd.it/cdZim5,,,,25/12/2025
27/12/2025,Alpha,2025,https://boxd.it/cfCSLH,3.5,,,26/12/2025
28/12/2025,Knives Out,2019,https://boxd.it/cgH5vT,4,,,27/12/2025
29/12/2025,Glass Onion,2022,https://boxd.it/chWqMZ,3,,,28/12/2025
30/12/2025,Wake Up Dead Man,2025,https://boxd.it/cjjFSj,4,,,29/12/2025
30/12/2025,The Swimming Pool,1969,https://boxd.it/cjIpYl,3.5,,,29/12/2025
31/12/2025,Wicked: For Good,2025,https://boxd.it/ckpW3t,1.5,,,30/12/2025
31/12/2025,Sleepover,2004,https://boxd.it/ckDUbN,,,,30/12/2025
31/12/2025,Once Upon a Time in the West,1968,https://boxd.it/ckWfDJ,,,,30/12/2025
01/01/2026,Spider-Man: Across the Spider-Verse,2023,https://boxd.it/clBD33,4,,,31/12/2025
02/01/2026,The Departed,2006,https://boxd.it/cmTYVZ,4,,,01/01/2026
03/01/2026,Se7en,1995,https://boxd.it/coob65,4.5,,,02/01/2026
03/01/2026,7 Boxes,2012,https://boxd.it/coYt15,3,,,02/01/2026
04/01/2026,Zodiac,2007,https://boxd.it/cqfnMn,4.5,,dc,03/01/2026
05/01/2026,The Nice Guys,2016,https://boxd.it/crwEat,3.5,,,04/01/2026
06/01/2026,Booksmart,2019,https://boxd.it/ctjG0H,3.5,,,05/01/2026
07/01/2026,Lord of the Flies,1990,https://boxd.it/cuPfb7,2.5,,,06/01/2026
08/01/2026,Persona,1966,https://boxd.it/cvD7o3,4,,,07/01/2026
08/01/2026,The Exorcism of Emily Rose,2005,https://boxd.it/cvUZKr,,,,07/01/2026
09/01/2026,Django Unchained,2012,https://boxd.it/cwUITP,4,,,08/01/2026
10/01/2026,Friendship,2024,https://boxd.it/cxRzW9,3,,,09/01/2026
11/01/2026,Force Majeure,2014,https://boxd.it/cyOggB,3.5,,,10/01/2026
12/01/2026,Lost in Starlight,2025,https://boxd.it/cAQp39,4,,,11/01/2026
13/01/2026,Prisoners,2013,https://boxd.it/cBL2hL,,,,12/01/2026
14/01/2026,Pillion,2025,https://boxd.it/cCLTXz,,,,13/01/2026
15/01/2026,Song Sung Blue,2025,https://boxd.it/cDJMTZ,3,,,14/01/2026
16/01/2026,Spotlight,2015,https://boxd.it/cEH25f,4,,,15/01/2026
17/01/2026,Sideways,2004,https://boxd.it/cFIZWX,,,,16/01/2026
18/01/2026,Bones and All,2022,https://boxd.it/cGpYbx,2,,,17/01/2026
19/01/2026,Dead Poets Society,1989,https://boxd.it/cIkqED,,,,18/01/2026
20/01/2026,The Virgin of the Quarry Lake,2025,https://boxd.it/cIXkQL,,,cine,19/01/2026
21/01/2026,The Wolf of Wall Street,2013,https://boxd.it/cKg7dj,,,,20/01/2026
21/01/2026,Grease,1978,https://boxd.it/cKoHdZ,,,,20/01/2026
22/01/2026,Marty Supreme,2025,https://boxd.it/cL4j8F,4,,cine,21/01/2026
22/01/2026,My Girl,1991,https://boxd.it/cLi6KT,,,,21/01/2026
23/01/2026,The King of Comedy,1982,https://boxd.it/cLZY6T,4,,,22/01/2026
24/01/2026,Zootopia,2016,https://boxd.it/cMLOad,,,,23/01/2026
24/01/2026,Florianópolis Dream,2018,https://boxd.it/cNbzFx,,,,23/01/2026
25/01/2026,Incendies,2010,https://boxd.it/cO4n3h,5,,,24/01/2026
26/01/2026,Jurassic World Rebirth,2025,https://boxd.it/cPogcv,2,,,25/01/2026
26/01/2026,The Perfect Neighbor,2025,https://boxd.it/cPBd3B,,,,25/01/2026
27/01/2026,The Ugly Stepsister,2025,https://boxd.it/cQxHVp,3,,,26/01/2026
27/01/2026,Forevergreen,2025,https://boxd.it/cQJyPB,,,,26/01/2026
27/01/2026,Retirement Plan,2024,https://boxd.it/cQJXpN,,,,26/01/2026
27/01/2026,"Spring, Summer, Fall, Winter... and Spring",2003,https://boxd.it/cQXjiZ,,,,26/01/2026
28/01/2026,The Girl Who Cried Pearls,2025,https://boxd.it/cRlmRL,,,,27/01/2026
28/01/2026,Easy A,2010,https://boxd.it/cS2jId,,,,27/01/2026
29/01/2026,All of Us Strangers,2023,https://boxd.it/cSFNl7,,,,28/01/2026
30/01/2026,Jane Austen's Period Drama,2024,https://boxd.it/cTeDvV,,,,29/01/2026
30/01/2026,Diane Warren: Relentless,2024,https://boxd.it/cTwUkr,,,,29/01/2026
30/01/2026,The Three Sisters,2024,https://boxd.it/cTBUAz,,,,29/01/2026
30/01/2026,Butterfly,2024,https://boxd.it/cTBUS9,,,,29/01/2026
30/01/2026,Butterfly,1999,https://boxd.it/cTHfUv,3,,,29/01/2026
31/01/2026,Sidewalls,2011,https://boxd.it/cUt0K7,4.5,,,30/01/2026
01/02/2026,Kokuho,2025,https://boxd.it/cVbejR,,,,31/01/2026
02/02/2026,The Smashing Machine,2025,https://boxd.it/cWNL2J,2.5,,,01/02/2026
03/02/2026,Viva Verdi!,2024,https://boxd.it/cXGptt,,,,02/02/2026
03/02/2026,Armed Only with a Camera: The Life and Death of Brent Renaud,2025,https://boxd.it/cXSRJt,,,,02/02/2026
03/02/2026,The Secret Agent,2025,https://boxd.it/cXZRQ9,4.5,,,02/02/2026
04/02/2026,Hamnet,2025,https://boxd.it/cYxhyh,3.5,,,03/02/2026
04/02/2026,It Was Just an Accident,2025,https://boxd.it/cYOwjF,4.5,Yes,,03/02/2026
05/02/2026,Avatar: Fire and Ash,2025,https://boxd.it/cZn5Wb,3,,cine,04/02/2026
06/02/2026,Two People Exchanging Saliva,2024,https://boxd.it/d03krB,,,,05/02/2026
06/02/2026,The Voice of Hind Rajab,2025,https://boxd.it/d0qmFh,,,,05/02/2026
07/02/2026,The Lost Bus,2025,https://boxd.it/d170Fb,,,,06/02/2026
07/02/2026,The Alabama Solution,2025,https://boxd.it/d1lzp1,,,,06/02/2026
08/02/2026,Mr. Nobody Against Putin,2025,https://boxd.it/d1Ml6N,,,,07/02/2026
08/02/2026,All the Empty Rooms,2025,https://boxd.it/d1Rxan,,,,07/02/2026
08/02/2026,Little Amélie or the Character of Rain,2025,https://boxd.it/d2kZvr,4,,,07/02/2026
09/02/2026,Cutting Through Rocks,2025,https://boxd.it/d2Sy2Z,,,,08/02/2026
09/02/2026,Zootopia 2,2025,https://boxd.it/d3iNDN,3.5,,,08/02/2026
09/02/2026,The Devil Is Busy,2024,https://boxd.it/d3rhBt,,,,08/02/2026
10/02/2026,Children No More: Were and Are Gone,2025,https://boxd.it/d3OZA1,,,,09/02/2026
10/02/2026,Charlie's Angels,2000,https://boxd.it/d46qlr,,,,09/02/2026
10/02/2026,Perfectly a Strangeness,2024,https://boxd.it/d4dJqf,,,,09/02/2026
11/02/2026,A Friend of Dorothy,2025,https://boxd.it/d4Dlu5,,,,10/02/2026
11/02/2026,Sound of Falling,2025,https://boxd.it/d4Vz5z,4.5,,,10/02/2026
11/02/2026,Come See Me in the Good Light,2025,https://boxd.it/d54Xpr,,,,10/02/2026
12/02/2026,Arco,2025,https://boxd.it/d5yuXT,,,cine,11/02/2026
12/02/2026,Hard Eight,1996,https://boxd.it/d5NvOD,3.5,,,11/02/2026
13/02/2026,Butcher's Stain,2025,https://boxd.it/d67EtT,,,,12/02/2026
14/02/2026,The Singers,2025,https://boxd.it/d6YumJ,,,,13/02/2026
14/02/2026,Blue Velvet,1986,https://boxd.it/d763tT,4.5,,,13/02/2026
15/02/2026,The Chronology of Water,2025,https://boxd.it/d89cSt,,,,14/02/2026
16/02/2026,The Darjeeling Limited,2007,https://boxd.it/d9iLpt,3.5,,,15/02/2026
17/02/2026,Mississippi Masala,1991,https://boxd.it/dawCEL,,,,16/02/2026
18/02/2026,Is This Thing On?,2025,https://boxd.it/dbuHSX,3.5,,,17/02/2026
19/02/2026,Send Help,2026,https://boxd.it/dcbFKt,,,cine,18/02/2026
20/02/2026,Heat,1995,https://boxd.it/ddfXCJ,4.5,,,19/02/2026
21/02/2026,Hit Man,2023,https://boxd.it/de7lch,,,,20/02/2026
22/02/2026,Homo Argentum,2025,https://boxd.it/deBGmx,0.5,,,20/02/2026
22/02/2026,Moonlight,2016,https://boxd.it/dfjJV9,,,,21/02/2026
23/02/2026,Moneyball,2011,https://boxd.it/dgsqOl,4,,,22/02/2026
24/02/2026,The Handmaiden,2016,https://boxd.it/dhkPYD,4,,,23/02/2026
25/02/2026,Close Encounters of the Third Kind,1977,https://boxd.it/dic5nf,,,,24/02/2026
26/02/2026,Casablanca,1942,https://boxd.it/diUZF3,5,,cine,25/02/2026
27/02/2026,About Time,2013,https://boxd.it/djAsOl,,,,26/02/2026
28/02/2026,Cloverfield,2008,https://boxd.it/dkmrrL,,,,27/02/2026
02/03/2026,10 Cloverfield Lane,2016,https://boxd.it/dmcUjp,,,,28/02/2026
02/03/2026,The Cloverfield Paradox,2018,https://boxd.it/dmmxst,,,,01/03/2026
03/03/2026,The Curious Case of Benjamin Button,2008,https://boxd.it/dnbZcZ,,,,02/03/2026
03/03/2026,Sentimental Value,2025,https://boxd.it/dnlrV7,5,Yes,,02/03/2026
04/03/2026,The Craft,1996,https://boxd.it/dnWpU1,,,,03/03/2026
05/03/2026,Redline,2009,https://boxd.it/doGUuP,,,,04/03/2026
06/03/2026,Akira,1988,https://boxd.it/dpgoNR,,,,05/03/2026
07/03/2026,Aloha,2015,https://boxd.it/dpXpun,,,,06/03/2026
07/03/2026,F1,2025,https://boxd.it/dq6RbB,4,Yes,,06/03/2026
08/03/2026,The Fall Guy,2024,https://boxd.it/dqLI8l,3.5,,,07/03/2026
08/03/2026,One Battle After Another,2025,https://boxd.it/dqWsdr,5,Yes,,07/03/2026
09/03/2026,Kill Bill: Vol. 1,2003,https://boxd.it/drOHEP,,,,08/03/2026
10/03/2026,Kill Bill: Vol. 2,2004,https://boxd.it/dsMTE3,,,,09/03/2026
11/03/2026,Robots,2005,https://boxd.it/dtnQtP,3,,,10/03/2026
12/03/2026,The Bride!,2026,https://boxd.it/dtVrN9,,,cine,11/03/2026
13/03/2026,Game Night,2018,https://boxd.it/duKyy3,,,,12/03/2026
14/03/2026,Killers of the Flower Moon,2023,https://boxd.it/dvAwL9,4.5,,,13/03/2026
15/03/2026,Scooby-Doo,2002,https://boxd.it/dwjinH,,,,14/03/2026
16/03/2026,Serendipity,2001,https://boxd.it/dx4w2H,,,,15/03/2026
17/03/2026,I Saw the TV Glow,2024,https://boxd.it/dyxu9D,,,,16/03/2026
18/03/2026,Memento,2000,https://boxd.it/dzbzk7,,,,17/03/2026
19/03/2026,The Testament of Ann Lee,2025,https://boxd.it/dzVOtb,4,,cine,18/03/2026
20/03/2026,The Princess and the Frog,2009,https://boxd.it/dAJCGx,,,,19/03/2026
21/03/2026,Xanadu,1980,https://boxd.it/dBpmL1,,,,20/03/2026
22/03/2026,Sinners,2025,https://boxd.it/dCiHTb,4,Yes,,21/03/2026
22/03/2026,Project Hail Mary,2026,https://boxd.it/dCEjHT,4.5,,imax,21/03/2026
23/03/2026,Tangled,2010,https://boxd.it/dDi0OV,,,,22/03/2026
24/03/2026,Nirvanna the Band the Show the Movie,2025,https://boxd.it/dEk8vZ,4,,,23/03/2026
24/03/2026,The Notebook,2004,https://boxd.it/dELEg7,,,,23/03/2026
25/03/2026,Vice,2018,https://boxd.it/dFwrd9,2.5,,,24/03/2026
26/03/2026,Humanist Vampire Seeking Consenting Suicidal Person,2023,https://boxd.it/dGkPUL,3,,,25/03/2026
27/03/2026,The Piano Teacher,2001,https://boxd.it/dH7WlB,,,,26/03/2026
28/03/2026,Blue Valentine,2010,https://boxd.it/dHTQ1B,,,,27/03/2026
29/03/2026,Blade Runner,1982,https://boxd.it/dIC3IL,,,,28/03/2026
30/03/2026,Jackie,2016,https://boxd.it/dJx3JX,2.5,,,29/03/2026
31/03/2026,Secretary,2002,https://boxd.it/dL23WX,,,,30/03/2026
01/04/2026,The Hunchback of Notre Dame,1996,https://boxd.it/dLYejX,,,,31/03/2026
02/04/2026,But I'm a Cheerleader,1999,https://boxd.it/dMFaK7,,,,01/04/2026
03/04/2026,Raging Bull,1980,https://boxd.it/dND70v,,,,02/04/2026
04/04/2026,Ford v Ferrari,2019,https://boxd.it/dODyH1,4,,,03/04/2026
05/04/2026,Wild Tales,2014,https://boxd.it/dPIoIn,,,,04/04/2026
06/04/2026,Good Will Hunting,1997,https://boxd.it/dQsMX9,4,,,05/04/2026
06/04/2026,Pizza Movie,2026,https://boxd.it/dR7pSR,,,,05/04/2026
07/04/2026,Lars and the Real Girl,2007,https://boxd.it/dS4Q35,4.5,,,06/04/2026
08/04/2026,Bound,1996,https://boxd.it/dSWWV1,3.5,,,07/04/2026
09/04/2026,Scooby-Doo 2: Monsters Unleashed,2004,https://boxd.it/dTC3pt,,,,08/04/2026
09/04/2026,Nuremberg,2025,https://boxd.it/dTPdff,3,,,08/04/2026
10/04/2026,12 Angry Men,1957,https://boxd.it/dUr9QH,5,,,09/04/2026
11/04/2026,Mean Girls,2004,https://boxd.it/dVgsCV,,,,10/04/2026
12/04/2026,TÁR,2022,https://boxd.it/dVMRFf,,,,11/04/2026
13/04/2026,The Bob's Burgers Movie,2022,https://boxd.it/dWOvAZ,5,,,12/04/2026
14/04/2026,Showgirls,1995,https://boxd.it/dY8tj7,4,,,13/04/2026
15/04/2026,Dog Day Afternoon,1975,https://boxd.it/dYIFQf,,,,14/04/2026
16/04/2026,The Drama,2026,https://boxd.it/dZrJqb,4,,cine,15/04/2026
17/04/2026,One Flew Over the Cuckoo's Nest,1975,https://boxd.it/e08wTP,,,,16/04/2026
18/04/2026,Encanto,2021,https://boxd.it/e0VsxX,,,,17/04/2026
19/04/2026,Network,1976,https://boxd.it/e1vV5P,4,,,18/04/2026
20/04/2026,2001: A Space Odyssey,1968,https://boxd.it/e2L10b,,,,19/04/2026
21/04/2026,Rental Family,2025,https://boxd.it/e3BzgV,,,,20/04/2026
22/04/2026,A Clockwork Orange,1971,https://boxd.it/e4m7J5,,,,21/04/2026
22/04/2026,Exotica,1994,https://boxd.it/e4wl3n,,,,21/04/2026
23/04/2026,On Probation,2005,https://boxd.it/e55htL,,,,22/04/2026
24/04/2026,The Official Story,1985,https://boxd.it/e5Nrhj,5,,,23/04/2026
25/04/2026,The Big Lebowski,1998,https://boxd.it/e6qXZl,5,,,24/04/2026
26/04/2026,127 Hours,2010,https://boxd.it/e6X6Bh,2.5,,,25/04/2026
27/04/2026,Shutter Island,2010,https://boxd.it/e8jIAf,4.5,,,26/04/2026
28/04/2026,Drive,2011,https://boxd.it/e96qNN,,,,27/04/2026
29/04/2026,Rocketman,2019,https://boxd.it/e9NmNl,4,,,28/04/2026
30/04/2026,Last Night in Soho,2021,https://boxd.it/eawOI9,3,,,29/04/2026
01/05/2026,Hoppers,2026,https://boxd.it/ebgpWH,,,,30/04/2026
02/05/2026,Manchester by the Sea,2016,https://boxd.it/ec6FF7,4,,,01/05/2026
03/05/2026,Barry Lyndon,1975,https://boxd.it/ecKyDt,,,,02/05/2026
04/05/2026,Bride Wars,2009,https://boxd.it/ee20C7,,,,03/05/2026
05/05/2026,Forbidden Fruits,2026,https://boxd.it/eeVM7r,,,,04/05/2026
06/05/2026,Brokeback Mountain,2005,https://boxd.it/efFgyx,4,,,05/05/2026
07/05/2026,The Matrix,1999,https://boxd.it/egnbRd,,,,06/05/2026
08/05/2026,Full Metal Jacket,1987,https://boxd.it/eh1mi9,3.5,,,07/05/2026
09/05/2026,The Eyes of Tammy Faye,2021,https://boxd.it/ehIXvZ,3,,,08/05/2026
10/05/2026,Brave,2012,https://boxd.it/eizYKH,,,,09/05/2026
11/05/2026,The Skin I Live In,2011,https://boxd.it/eje3pp,,,,10/05/2026
12/05/2026,Flipped,2010,https://boxd.it/ekta5F,,,,11/05/2026
12/05/2026,Double Indemnity,1944,https://boxd.it/ekyKyt,,,,11/05/2026
13/05/2026,Triangle of Sadness,2022,https://boxd.it/el8FNP,3.5,,,12/05/2026
13/05/2026,The Third Man,1949,https://boxd.it/elgfIb,,,,12/05/2026
14/05/2026,This Is Spinal Tap,1984,https://boxd.it/elP7wh,2.5,,,13/05/2026
14/05/2026,Sunset Boulevard,1950,https://boxd.it/elZ84D,,,,13/05/2026
15/05/2026,Pretty Woman,1990,https://boxd.it/emDh3f,,,,14/05/2026
16/05/2026,Eyes Wide Shut,1999,https://boxd.it/enoq0t,4,,,15/05/2026
17/05/2026,Bicycle Thieves,1948,https://boxd.it/enRU1J,,,,16/05/2026
17/05/2026,Singin' in the Rain,1952,https://boxd.it/eojitr,,,,16/05/2026
18/05/2026,Chungking Express,1994,https://boxd.it/eoS88D,5,,,17/05/2026
19/05/2026,"Synecdoche, New York",2008,https://boxd.it/epZeXZ,,,,18/05/2026
19/05/2026,Idiocracy,2006,https://boxd.it/eqbPo7,1.5,,,18/05/2026
20/05/2026,A Poet,2025,https://boxd.it/eqxz1v,4,,,19/05/2026
20/05/2026,The Life of Chuck,2024,https://boxd.it/erbnqt,,,avion,19/05/2026
28/05/2026,High Fidelity,2000,https://boxd.it/exHwyJ,,,tren,28/05/2026
02/06/2026,Frances Ha,2012,https://boxd.it/eCj109,,,tren,02/06/2026
25/06/2026,Mother Mary,2026,https://boxd.it/eVNNMB,3,,,24/06/2026
26/06/2026,The Evil Dead,1981,https://boxd.it/eWEFhL,,,,25/06/2026
27/06/2026,Voicemails for Isabelle,2026,https://boxd.it/eXu6n9,,,,26/06/2026
28/06/2026,The Lighthouse,2019,https://boxd.it/eY4eXV,,,,27/06/2026
29/06/2026,Green Street Hooligans,2005,https://boxd.it/eZtTu5,,,,28/06/2026
01/07/2026,Obsession,2025,https://boxd.it/f1fpwZ,4,,,30/06/2026
02/07/2026,Disclosure Day,2026,https://boxd.it/f251Fd,4,,cine,01/07/2026
02/07/2026,Clueless,1995,https://boxd.it/f2bxYD,,,,01/07/2026
07/07/2026,Dunkirk,2017,https://boxd.it/f7l1gJ,3.5,,,06/07/2026
08/07/2026,In the Mood for Love,2000,https://boxd.it/f82xZn,4.5,,,07/07/2026
09/07/2026,Happy Together,1997,https://boxd.it/f8ZlQV,,,,08/07/2026
10/07/2026,The Sheep Detectives,2026,https://boxd.it/f9XVEB,,,,09/07/2026
12/07/2026,First Man,2018,https://boxd.it/fbUhyF,,,,11/07/2026
15/07/2026,I Love Boosters,2026,https://boxd.it/feX80n,,,,14/07/2026
17/07/2026,Red Rooms,2023,https://boxd.it/fgRVXp,4,,,16/07/2026
21/07/2026,Blue Heron,2025,https://boxd.it/flvHRt,,,,20/07/2026
22/07/2026,Ad Astra,2019,https://boxd.it/fmOGOl,2.5,,,21/07/2026
23/07/2026,The Odyssey,2026,https://boxd.it/fnCEv7,,,cine,22/07/2026
25/07/2026,Backrooms,2026,https://boxd.it/fq3m3L,2.5,,,24/07/2026
25/07/2026,The Martian,2015,https://boxd.it/fqeByh,,Yes,,24/07/2026
26/07/2026,A Ghost Story,2017,https://boxd.it/fqRsev,,,,25/07/2026
28/07/2026,The Last Detail,1973,https://boxd.it/ftPL6N,,,,27/07/2026
28/07/2026,District 9,2009,https://boxd.it/fu3DlN,3.5,,,27/07/2026
29/07/2026,Mars Attacks!,1996,https://boxd.it/fveUlh,4,,,28/07/2026
30/07/2026,The Prestige,2006,https://boxd.it/fw1Bmj,4,,,29/07/2026
30/07/2026,Independence Day,1996,https://boxd.it/fwsL5r,3.5,,,29/07/2026
02/08/2026,The Devil Wears Prada 2,2026,https://boxd.it/fzHD1N,,,,01/08/2026
03/08/2026,Yi Yi,2000,https://boxd.it/fBUJpP,4.5,,,02/08/2026
04/08/2026,Tenet,2020,https://boxd.it/fCZl3f,3.5,,,03/08/2026
05/08/2026,Four Weddings and a Funeral,1994,https://boxd.it/fEumm9,4,,,04/08/2026
06/08/2026,The Mitchells vs. the Machines,2021,https://boxd.it/fFQ5zN,,,,05/08/2026
07/08/2026,Cha Cha Real Smooth,2022,https://boxd.it/fGOQIx,,,,06/08/2026
